003328	00332C	src/nullsub_5.o(.text)	trivial_funcs(run): nullsub_5
003BC0	003BC4	src/sub_8003BC0.o(.text)	trivial_funcs(run): sub_8003BC0
0044A0	0044A4	src/nullsub_9.o(.text)	trivial_funcs(run): nullsub_9
008E08	008E0C	src/sub_8008E08.o(.text)	trivial_funcs(run): sub_8008E08
008E0C	008E10	src/nullsub_12.o(.text)	trivial_funcs(run): nullsub_12
008F28	008F2C	src/nullsub_13.o(.text)	trivial_funcs(run): nullsub_13
009F34	009F38	src/nullsub_14.o(.text)	trivial_funcs(run): nullsub_14
00CFAC	00CFB0	src/nullsub_17.o(.text)	trivial_funcs(run): nullsub_17
00CFFC	00D000	src/nullsub_19.o(.text)	trivial_funcs(run): nullsub_19
00D000	00D004	src/nullsub_20.o(.text)	trivial_funcs(run): nullsub_20
00D0AC	00D0B0	src/nullsub_21.o(.text)	trivial_funcs(run): nullsub_21
00D4C8	00D4CC	src/nullsub_25.o(.text)	trivial_funcs(run): nullsub_25
00D7E8	00D7EC	src/nullsub_26.o(.text)	trivial_funcs(run): nullsub_26
00D85C	00D860	src/sub_800D85C.o(.text)	trivial_funcs(run): sub_800D85C
00DC04	00DC08	src/sub_800DC04.o(.text)	trivial_funcs(run): sub_800DC04
011B04	011B08	src/nullsub_28.o(.text)	trivial_funcs(run): nullsub_28
012F4C	012F50	src/nullsub_29.o(.text)	trivial_funcs(run): nullsub_29
015260	015264	src/nullsub_32.o(.text)	trivial_funcs(run): nullsub_32
016148	01614C	src/nullsub_33.o(.text)	trivial_funcs(run): nullsub_33
019860	019864	src/nullsub_27.o(.text)	trivial_funcs(run): nullsub_27
01BB94	01BB98	src/sub_801BB94.o(.text)	trivial_funcs(run): sub_801BB94
022578	02257C	src/sub_8022578.o(.text)	trivial_funcs(run): sub_8022578
0299D4	0299D8	src/nullsub_41.o(.text)	trivial_funcs(run): nullsub_41
02A8C4	02A8C8	src/nullsub_43.o(.text)	trivial_funcs(run): nullsub_43
02BFF8	02BFFC	src/sub_802BFF8.o(.text)	trivial_funcs(run): sub_802BFF8
02CA30	02CA34	src/nullsub_42.o(.text)	trivial_funcs(run): nullsub_42
03A2E8	03A2EC	src/sub_803A2E8.o(.text)	trivial_funcs(run): sub_803A2E8
03A6EC	03A6F0	src/sub_803A6EC.o(.text)	trivial_funcs(run): sub_803A6EC
03D3CC	03D3D0	src/sub_803D3CC.o(.text)	trivial_funcs(run): sub_803D3CC
0405E4	0405E8	src/nullsub_1.o(.text)	trivial_funcs(run): nullsub_1
0420B8	0420BC	src/nullsub_45.o(.text)	trivial_funcs(run): nullsub_45
049878	04987C	src/nullsub_48.o(.text)	trivial_funcs(run): nullsub_48
04D140	04D144	src/nullsub_47.o(.text)	trivial_funcs(run): nullsub_47
04D144	04D148	src/nullsub_46.o(.text)	trivial_funcs(run): nullsub_46
051B14	051B18	src/nullsub_52.o(.text)	trivial_funcs(run): nullsub_52
054418	05441C	src/nullsub_53.o(.text)	trivial_funcs(run): nullsub_53
05C1A0	05C1A4	src/nullsub_54.o(.text)	trivial_funcs(run): nullsub_54
060F80	060F84	src/nullsub_55.o(.text)	trivial_funcs(run): nullsub_55
061384	061388	src/nullsub_56.o(.text)	trivial_funcs(run): nullsub_56
061388	06138C	src/nullsub_57.o(.text)	trivial_funcs(run): nullsub_57
076A48	076A4C	src/nullsub_60.o(.text)	trivial_funcs(run): nullsub_60
076A70	076A74	src/nullsub_61.o(.text)	trivial_funcs(run): nullsub_61
077390	077394	src/nullsub_51.o(.text)	trivial_funcs(run): nullsub_51
07866C	078670	src/nullsub_62.o(.text)	trivial_funcs(run): nullsub_62
0789B8	0789BC	src/nullsub_63.o(.text)	trivial_funcs(run): nullsub_63
0797B8	0797BC	src/nullsub_65.o(.text)	trivial_funcs(run): nullsub_65
07ACB8	07ACBC	src/nullsub_67.o(.text)	trivial_funcs(run): nullsub_67
07B06C	07B070	src/nullsub_68.o(.text)	trivial_funcs(run): nullsub_68
085E4C	085E50	src/sub_8085E4C.o(.text)	trivial_funcs(run): sub_8085E4C
085E50	085E54	src/sub_8085E50.o(.text)	trivial_funcs(run): sub_8085E50
0860F0	0860F4	src/sub_80860F0.o(.text)	trivial_funcs(run): sub_80860F0
0860FC	086100	src/sub_80860FC.o(.text)	trivial_funcs(run): sub_80860FC
088250	088254	src/nullsub_72.o(.text)	trivial_funcs(run): nullsub_72
08FA60	08FA64	src/nullsub_73.o(.text)	trivial_funcs(run): nullsub_73
08FA64	08FA68	src/nullsub_74.o(.text)	trivial_funcs(run): nullsub_74
092E1C	092E20	src/nullsub_76.o(.text)	trivial_funcs(run): nullsub_76
0975AC	0975B0	src/nullsub_77.o(.text)	trivial_funcs(run): nullsub_77
0975B0	0975B4	src/nullsub_78.o(.text)	trivial_funcs(run): nullsub_78
099F9C	099FA0	src/sub_8099F9C.o(.text)	trivial_funcs(run): sub_8099F9C
0A29F4	0A29F8	src/nullsub_80.o(.text)	trivial_funcs(run): nullsub_80
0A29F8	0A29FC	src/nullsub_81.o(.text)	trivial_funcs(run): nullsub_81
0A761C	0A7620	src/nullsub_82.o(.text)	trivial_funcs(run): nullsub_82
0A767C	0A7680	src/nullsub_83.o(.text)	trivial_funcs(run): nullsub_83
0A82AC	0A82B0	src/nullsub_84.o(.text)	trivial_funcs(run): nullsub_84
0A82B0	0A82B4	src/nullsub_85.o(.text)	trivial_funcs(run): nullsub_85
0AB748	0AB74C	src/sub_80AB748.o(.text)	trivial_funcs(run): sub_80AB748
0AB74C	0AB750	src/sub_80AB74C.o(.text)	trivial_funcs(run): sub_80AB74C
0B0E84	0B0E88	src/nullsub_86.o(.text)	trivial_funcs(run): nullsub_86
0B2898	0B289C	src/nullsub_87.o(.text)	trivial_funcs(run): nullsub_87
0B38B0	0B38B4	src/sub_80B38B0.o(.text)	trivial_funcs(run): sub_80B38B0
0B3AE0	0B3AE4	src/nullsub_88.o(.text)	trivial_funcs(run): nullsub_88
0B3E48	0B3E4C	src/nullsub_89.o(.text)	trivial_funcs(run): nullsub_89
0B51D8	0B51DC	src/nullsub_90.o(.text)	trivial_funcs(run): nullsub_90
0B7130	0B7134	src/nullsub_91.o(.text)	trivial_funcs(run): nullsub_91
0B8EB0	0B8EB4	src/nullsub_92.o(.text)	trivial_funcs(run): nullsub_92
0BAE5C	0BAE60	src/nullsub_93.o(.text)	trivial_funcs(run): nullsub_93
0BD544	0BD548	src/nullsub_94.o(.text)	trivial_funcs(run): nullsub_94
0BDE98	0BDE9C	src/nullsub_95.o(.text)	trivial_funcs(run): nullsub_95
0C08C4	0C08C8	src/nullsub_96.o(.text)	trivial_funcs(run): nullsub_96
0C0CF8	0C0CFC	src/nullsub_97.o(.text)	trivial_funcs(run): nullsub_97
0C29E8	0C29EC	src/nullsub_100.o(.text)	trivial_funcs(run): nullsub_100
0C43A4	0C43A8	src/nullsub_101.o(.text)	trivial_funcs(run): nullsub_101
0C4B60	0C4B64	src/nullsub_102.o(.text)	trivial_funcs(run): nullsub_102
0C66A4	0C66A8	src/nullsub_104.o(.text)	trivial_funcs(run): nullsub_104
0C8C7C	0C8C80	src/nullsub_107.o(.text)	trivial_funcs(run): nullsub_107
0D4E30	0D4E34	src/nullsub_110.o(.text)	trivial_funcs(run): nullsub_110
